Message,Type,Severity,Security Category,Hotspot Priority,Rule Key,Rule Name,File Name,File Line,Impact MAINTAINABILITY,Impact RELIABILITY,Impact SECURITY
Array index out of bounds: (!n1 || ((a.addr[n0] ^ b.addr[n0]) < (1u << (32 - n1))));,VULNERABILITY,BLOCKER,,,external_AI-Triage-v8:AI-TRIAGE:c_S3519,AI-Triage-v8:AI-TRIAGE:c_S3519,lib/ip.h,324,MEDIUM,,
FIXME comment — developer-flagged unsafe code: /* FIXME: sequence number must be password/SA specific */,VULNERABILITY,BLOCKER,,,external_AI-Triage-v8:AI-TRIAGE:cpp_fixme_comment,AI-Triage-v8:AI-TRIAGE:cpp_fixme_comment,proto/rip/packets.c,389,MEDIUM,,
"Arguments passed in wrong order: WALK_LIST(b, i->addrs)",CODE_SMELL,MAJOR,,,external_AI-Triage-v8:AI-TRIAGE:c_S2234,AI-Triage-v8:AI-TRIAGE:c_S2234,nest/iface.c,589,MEDIUM,,
alloca() usage — potential stack overflow: /* Prepare the flow */,VULNERABILITY,BLOCKER,,,external_AI-Triage-v8:AI-TRIAGE:allocaCalled,AI-Triage-v8:AI-TRIAGE:allocaCalled,proto/bgp/packets.c,2209,MEDIUM,,
alloca() with network-controlled size — stack DoS: byte *dst = alloca(len);,CODE_SMELL,MAJOR,,,external_AI-Triage-v8:AI-TRIAGE:semgrep_vuln_rules_rules_c_raptor_insecure_api_alloca,AI-Triage-v8:AI-TRIAGE:semgrep_vuln_rules_rules_c_raptor_insecure_api_alloca,proto/bgp/attrs.c,436,MEDIUM,,
"Function has too many lines: { if (fec && !--fec->uc) mpls_free_fec(x, fec); }",CODE_SMELL,MAJOR,,,external_AI-Triage-v8:AI-TRIAGE:c_S912,AI-Triage-v8:AI-TRIAGE:c_S912,nest/mpls.c,1006,MEDIUM,,
FIXME comment — developer-flagged unsafe code: /* FIXME: Drop queued TLVs here? */,CODE_SMELL,MAJOR,,,external_AI-Triage-v8:AI-TRIAGE:cpp_fixme_comment,AI-Triage-v8:AI-TRIAGE:cpp_fixme_comment,proto/babel/packets.c,1705,MEDIUM,,
Operator precedence ambiguity: /* Handle undefined export filter */,CODE_SMELL,MAJOR,,,external_AI-Triage-v8:AI-TRIAGE:c_S5261,AI-Triage-v8:AI-TRIAGE:c_S5261,proto/bgp/bgp.c,2637,MEDIUM,,
Null pointer dereference after failed allocation: byte *avaible_indexes = malloc(avaible_indexes_size);,CODE_SMELL,MAJOR,,,external_AI-Triage-v8:AI-TRIAGE:nullPointerOutOfMemory,AI-Triage-v8:AI-TRIAGE:nullPointerOutOfMemory,filter/tree_test.c,114,MEDIUM,,
"Null pointer dereference: rte_update2(p->dst, net->n.addr, new, bucket->last_src ?: new->src);",VULNERABILITY,BLOCKER,,,external_AI-Triage-v8:AI-TRIAGE:c_S2259,AI-Triage-v8:AI-TRIAGE:c_S2259,proto/aggregator/aggregator.c,215,MEDIUM,,
"Dead store — value assigned but never used: buf += bsprintf(buf, "" (%d/%u)"", rte->attrs->pref, a->u.data);",CODE_SMELL,MAJOR,,,external_AI-Triage-v8:AI-TRIAGE:c_S1854,AI-Triage-v8:AI-TRIAGE:c_S1854,proto/static/static.c,810,MEDIUM,,
FIXME comment — developer-flagged unsafe code: /* FIXME: perhaps check for channel state instead of disabled flag? */,CODE_SMELL,MAJOR,,,external_AI-Triage-v8:AI-TRIAGE:cpp_fixme_comment,AI-Triage-v8:AI-TRIAGE:cpp_fixme_comment,proto/bgp/bgp.c,1220,MEDIUM,,
Local variable shadows outer variable: const struct babel_tlv_data *tlv_data;,CODE_SMELL,MAJOR,,,external_AI-Triage-v8:AI-TRIAGE:c_S1117,AI-Triage-v8:AI-TRIAGE:c_S1117,proto/babel/packets.c,1368,MEDIUM,,
Too many return statements: gr = getgrnam(s);,CODE_SMELL,MAJOR,,,external_AI-Triage-v8:AI-TRIAGE:c_S1912,AI-Triage-v8:AI-TRIAGE:c_S1912,sysdep/unix/main.c,925,MEDIUM,,
Local variable shadows outer variable: static void,CODE_SMELL,MAJOR,,,external_AI-Triage-v8:AI-TRIAGE:c_S1117,AI-Triage-v8:AI-TRIAGE:c_S1117,lib/slist_test.c,66,MEDIUM,,
Assignment inside condition: void,CODE_SMELL,MAJOR,,,external_AI-Triage-v8:AI-TRIAGE:c_S833,AI-Triage-v8:AI-TRIAGE:c_S833,proto/bfd/bfd.c,775,MEDIUM,,
alloca() usage — potential stack overflow: if (len <= 1024),CODE_SMELL,MAJOR,,,external_AI-Triage-v8:AI-TRIAGE:allocaCalled,AI-Triage-v8:AI-TRIAGE:allocaCalled,filter/tree.c,104,MEDIUM,,
Redundant parentheses: if ((ospf_is_v2(p) ?,CODE_SMELL,MAJOR,,,external_AI-Triage-v8:AI-TRIAGE:c_S1110,AI-Triage-v8:AI-TRIAGE:c_S1110,proto/ospf/packet.c,589,MEDIUM,,
alloca() inside loop — unbounded stack growth: for (r2 = r; r2; r2 = r2->mp_next),CODE_SMELL,MAJOR,,,external_AI-Triage-v8:AI-TRIAGE:cpp_alloca_in_loop,AI-Triage-v8:AI-TRIAGE:cpp_alloca_in_loop,proto/static/static.c,76,MEDIUM,,
"Dead store — value assigned but never used: buf += bsprintf(buf, "" (%d)"", rte->attrs->pref);",CODE_SMELL,MAJOR,,,external_AI-Triage-v8:AI-TRIAGE:c_S1854,AI-Triage-v8:AI-TRIAGE:c_S1854,proto/static/static.c,812,MEDIUM,,
Function missing documentation: 3019 | static void,CODE_SMELL,MAJOR,,,external_AI-Triage-v8:AI-TRIAGE:cpp_poorly_documented_function,AI-Triage-v8:AI-TRIAGE:cpp_poorly_documented_function,proto/bgp/bgp.c,3020,MEDIUM,,
FIXME comment — developer-flagged unsafe code: /* FIXME: Update neighbors' timers */,CODE_SMELL,MAJOR,,,external_AI-Triage-v8:AI-TRIAGE:cpp_fixme_comment,AI-Triage-v8:AI-TRIAGE:cpp_fixme_comment,proto/ospf/iface.c,813,MEDIUM,,
alloca() usage — potential stack overflow: ea_list *ea = alloca(sizeof(ea_list) + 2 * sizeof(eattr));,CODE_SMELL,MAJOR,,,external_AI-Triage-v8:AI-TRIAGE:allocaCalled,AI-Triage-v8:AI-TRIAGE:allocaCalled,sysdep/bsd/krt-sock.c,598,MEDIUM,,
Local variable shadows outer variable: static void,CODE_SMELL,MAJOR,,,external_AI-Triage-v8:AI-TRIAGE:c_S1117,AI-Triage-v8:AI-TRIAGE:c_S1117,lib/slist_test.c,165,MEDIUM,,
Function declared implicitly: for (i = 0; i < lsa_count; i++),CODE_SMELL,MAJOR,,,external_AI-Triage-v8:AI-TRIAGE:c_S924,AI-Triage-v8:AI-TRIAGE:c_S924,proto/ospf/lsupd.c,85,MEDIUM,,
"Array index out of bounds: strcpy(buf - 4, ""..."");",CODE_SMELL,MAJOR,,,external_AI-Triage-v8:AI-TRIAGE:c_S3519,AI-Triage-v8:AI-TRIAGE:c_S3519,lib/strtoul.c,136,MEDIUM,,
Function has too many lines: if (n->hello_cnt && (--n->ihu_cnt <= 0)),CODE_SMELL,MAJOR,,,external_AI-Triage-v8:AI-TRIAGE:c_S912,AI-Triage-v8:AI-TRIAGE:c_S912,proto/babel/babel.c,901,MEDIUM,,
Assignment inside condition: void,CODE_SMELL,MAJOR,,,external_AI-Triage-v8:AI-TRIAGE:c_S833,AI-Triage-v8:AI-TRIAGE:c_S833,lib/md5.c,174,MEDIUM,,
goto statement used: if (a),CODE_SMELL,MAJOR,,,external_AI-Triage-v8:AI-TRIAGE:c_S1909,AI-Triage-v8:AI-TRIAGE:c_S1909,nest/rt-attr.c,506,MEDIUM,,
Array index out of bounds: 337 | { return (a.addr[pos / 32] >> ((32 - n) - (pos % 32))) & ((1u << n) - 1); },CODE_SMELL,MAJOR,,,external_AI-Triage-v8:AI-TRIAGE:c_S3519,AI-Triage-v8:AI-TRIAGE:c_S3519,lib/ip.h,337,MEDIUM,,
Redundant null check implies earlier null deref: if (n && n->cmd),CODE_SMELL,MAJOR,,,external_AI-Triage-v8:AI-TRIAGE:nullPointerRedundantCheck,AI-Triage-v8:AI-TRIAGE:nullPointerRedundantCheck,client/commands.c,199,MEDIUM,,
alloca() with network-controlled size — stack DoS: u32 *afl1 = alloca(caps->af_count * sizeof(u32));,CODE_SMELL,MAJOR,,,external_AI-Triage-v8:AI-TRIAGE:semgrep_vuln_rules_rules_c_raptor_insecure_api_alloca,AI-Triage-v8:AI-TRIAGE:semgrep_vuln_rules_rules_c_raptor_insecure_api_alloca,proto/bgp/bgp.c,3028,MEDIUM,,
Function declared implicitly: while (n),CODE_SMELL,MAJOR,,,external_AI-Triage-v8:AI-TRIAGE:c_S924,AI-Triage-v8:AI-TRIAGE:c_S924,filter/trie.c,726,MEDIUM,,
"Null pointer dereference in function call: if (memcmp(&cf->aggr_on[i].da, &p->aggr_on[i].da, sizeof(struct f_dynamic_attr)) != 0)",CODE_SMELL,MAJOR,,,external_AI-Triage-v8:AI-TRIAGE:c_S5000,AI-Triage-v8:AI-TRIAGE:c_S5000,proto/aggregator/aggregator.c,764,MEDIUM,,
alloca() with network-controlled size — stack DoS: struct bgp_prefix *px = alloca(prefix_size);,CODE_SMELL,MAJOR,,,external_AI-Triage-v8:AI-TRIAGE:semgrep_vuln_rules_rules_c_raptor_insecure_api_alloca,AI-Triage-v8:AI-TRIAGE:semgrep_vuln_rules_rules_c_raptor_insecure_api_alloca,proto/bgp/packets.c,2584,MEDIUM,,
Pointer arithmetic on non-array pointer: #include CONFIG_INCLUDE_SYSIO_H,CODE_SMELL,MAJOR,,,external_AI-Triage-v8:AI-TRIAGE:c_S956,AI-Triage-v8:AI-TRIAGE:c_S956,sysdep/unix/io.c,49,MEDIUM,,
Dead store — value assigned but never used: v6 = !v6;,CODE_SMELL,MAJOR,,,external_AI-Triage-v8:AI-TRIAGE:c_S1854,AI-Triage-v8:AI-TRIAGE:c_S1854,filter/trie_test.c,492,MEDIUM,,
Function declared implicitly: for (e = n->routes; e; e = e->next),CODE_SMELL,MAJOR,,,external_AI-Triage-v8:AI-TRIAGE:c_S924,AI-Triage-v8:AI-TRIAGE:c_S924,nest/rt-show.c,118,MEDIUM,,
"FIXME comment — developer-flagged unsafe code: /* FIXME: better handle these changes, also handle in_keep_filtered */",CODE_SMELL,MAJOR,,,external_AI-Triage-v8:AI-TRIAGE:cpp_fixme_comment,AI-Triage-v8:AI-TRIAGE:cpp_fixme_comment,nest/proto.c,843,MEDIUM,,
Macro with side effects used multiple times: u64 decimal:8;,CODE_SMELL,MAJOR,,,external_AI-Triage-v8:AI-TRIAGE:c_S814,AI-Triage-v8:AI-TRIAGE:c_S814,nest/cmds.c,78,MEDIUM,,
Function declared implicitly: for (pos = &net->routes; old = *pos; pos = &old->next),CODE_SMELL,MAJOR,,,external_AI-Triage-v8:AI-TRIAGE:c_S924,AI-Triage-v8:AI-TRIAGE:c_S924,nest/rt-table.c,3263,MEDIUM,,
goto statement used [REVIEW]: goto fixup;,CODE_SMELL,MAJOR,,,external_AI-Triage-v8:AI-TRIAGE:c_S1909,AI-Triage-v8:AI-TRIAGE:c_S1909,lib/slists.c,39,MEDIUM,,
"Path injection — user-controlled file path: if (!unix_read_config(&conf, name))",CODE_SMELL,MAJOR,,,external_AI-Triage-v8:AI-TRIAGE:cpp_path_injection,AI-Triage-v8:AI-TRIAGE:cpp_path_injection,sysdep/unix/main.c,295,MEDIUM,,
FIXME comment — developer-flagged unsafe code: /* FIXME: This should not happen */,CODE_SMELL,MAJOR,,,external_AI-Triage-v8:AI-TRIAGE:cpp_fixme_comment,AI-Triage-v8:AI-TRIAGE:cpp_fixme_comment,proto/bfd/packets.c,118,MEDIUM,,
"FIXME comment — developer-flagged unsafe code: // FIXME: Better check, call flow_validate?",CODE_SMELL,MAJOR,,,external_AI-Triage-v8:AI-TRIAGE:cpp_fixme_comment,AI-Triage-v8:AI-TRIAGE:cpp_fixme_comment,lib/net.h,598,MEDIUM,,
FIXME comment — developer-flagged unsafe code: /* FIXME: Should copy transport */,CODE_SMELL,MAJOR,,,external_AI-Triage-v8:AI-TRIAGE:cpp_fixme_comment,AI-Triage-v8:AI-TRIAGE:cpp_fixme_comment,proto/rpki/rpki.c,1028,MEDIUM,,
goto statement used: if (nc->parent),CODE_SMELL,MAJOR,,,external_AI-Triage-v8:AI-TRIAGE:c_S1909,AI-Triage-v8:AI-TRIAGE:c_S1909,nest/proto.c,1374,MEDIUM,,
Function declared implicitly: for (i = 0; i < lsa_count; i++),CODE_SMELL,MAJOR,,,external_AI-Triage-v8:AI-TRIAGE:c_S924,AI-Triage-v8:AI-TRIAGE:c_S924,proto/ospf/lsupd.c,346,MEDIUM,,
Macro with side effects used multiple times: u64 val:48;,CODE_SMELL,MAJOR,,,external_AI-Triage-v8:AI-TRIAGE:c_S814,AI-Triage-v8:AI-TRIAGE:c_S814,nest/cmds.c,77,MEDIUM,,
alloca() with network-controlled size — stack DoS: byte *pass_key = alloca(pass_len);,CODE_SMELL,MAJOR,,,external_AI-Triage-v8:AI-TRIAGE:semgrep_vuln_rules_rules_c_raptor_insecure_api_alloca,AI-Triage-v8:AI-TRIAGE:semgrep_vuln_rules_rules_c_raptor_insecure_api_alloca,proto/ospf/packet.c,170,MEDIUM,,
switch case falls through without comment: limit:,CODE_SMELL,MAJOR,,,external_AI-Triage-v8:AI-TRIAGE:c_S1219,AI-Triage-v8:AI-TRIAGE:c_S1219,proto/bgp/bgp.c,2203,MEDIUM,,
Null pointer dereference after failed allocation: tmp = init_cmd = malloc(len);,CODE_SMELL,MAJOR,,,external_AI-Triage-v8:AI-TRIAGE:nullPointerOutOfMemory,AI-Triage-v8:AI-TRIAGE:nullPointerOutOfMemory,client/client.c,105,MEDIUM,,
"Function has too many parameters: 480 | bmp_peer_up_notif_msg_serialize(buffer *stream, const struct bmp_peer_hdr_info *peer,",CODE_SMELL,MAJOR,,,external_AI-Triage-v8:AI-TRIAGE:c_S107,AI-Triage-v8:AI-TRIAGE:c_S107,proto/bmp/bmp.c,480,MEDIUM,,
Division by zero: do n = bt_random() % max;,CODE_SMELL,MAJOR,,,external_AI-Triage-v8:AI-TRIAGE:c_S3518,AI-Triage-v8:AI-TRIAGE:c_S3518,lib/bitmap_test.c,153,MEDIUM,,
"Null pointer dereference in function call: if (!memcmp(opts, &req->opts, sizeof(const struct bfd_options)))",CODE_SMELL,MAJOR,,,external_AI-Triage-v8:AI-TRIAGE:c_S5000,AI-Triage-v8:AI-TRIAGE:c_S5000,proto/bfd/bfd.c,806,MEDIUM,,
"Ignored return value of security-relevant function: log(L_BUG ""OSPF: Unknown interface type"");",CODE_SMELL,MAJOR,,,external_AI-Triage-v8:AI-TRIAGE:ignoredReturnValue,AI-Triage-v8:AI-TRIAGE:ignoredReturnValue,proto/ospf/topology.c,826,MEDIUM,,
Operator precedence ambiguity: if (EA_PROTO(a->id) != PROTOCOL_BGP),CODE_SMELL,MAJOR,,,external_AI-Triage-v8:AI-TRIAGE:c_S5261,AI-Triage-v8:AI-TRIAGE:c_S5261,proto/bgp/attrs.c,1253,MEDIUM,,
"Function declared implicitly: for (start=str=buf ; *fmt ; ++fmt, size-=(str-start), start=str) {",CODE_SMELL,MAJOR,,,external_AI-Triage-v8:AI-TRIAGE:c_S924,AI-Triage-v8:AI-TRIAGE:c_S924,lib/printf.c,171,MEDIUM,,
"World-writable file creation: else if (!(dbgf = fopen(f, ""a"")))",CODE_SMELL,MAJOR,,,external_AI-Triage-v8:AI-TRIAGE:cpp_world_writable_file_creation,AI-Triage-v8:AI-TRIAGE:cpp_world_writable_file_creation,sysdep/unix/log.c,511,MEDIUM,,
goto statement used: if (s->table_open),CODE_SMELL,MAJOR,,,external_AI-Triage-v8:AI-TRIAGE:c_S1909,AI-Triage-v8:AI-TRIAGE:c_S1909,proto/mrt/mrt.c,606,MEDIUM,,
Null pointer dereference: ea_list *attrs = new ? new->attrs->eattrs : NULL;,CODE_SMELL,MAJOR,,,external_AI-Triage-v8:AI-TRIAGE:nullPointer,AI-Triage-v8:AI-TRIAGE:nullPointer,proto/bgp/packets.c,2579,MEDIUM,,
"Null pointer dereference in function call: static inline int net_equal_roa4(const net_addr_roa4 *a, const net_addr_roa4 *b)",CODE_SMELL,MAJOR,,,external_AI-Triage-v8:AI-TRIAGE:c_S5000,AI-Triage-v8:AI-TRIAGE:c_S5000,lib/net.h,369,MEDIUM,,
FIXME comment — developer-flagged unsafe code: /* FIXME: This should be handled in a better way */,CODE_SMELL,MAJOR,,,external_AI-Triage-v8:AI-TRIAGE:cpp_fixme_comment,AI-Triage-v8:AI-TRIAGE:cpp_fixme_comment,nest/rt-table.c,2279,MEDIUM,,
switch case falls through without comment: str:,CODE_SMELL,MAJOR,,,external_AI-Triage-v8:AI-TRIAGE:c_S1219,AI-Triage-v8:AI-TRIAGE:c_S1219,lib/printf.c,271,MEDIUM,,
FIXME comment — developer-flagged unsafe code: /* FIXME: Move channel reconfiguration to generic protocol code ? */,CODE_SMELL,MAJOR,,,external_AI-Triage-v8:AI-TRIAGE:cpp_fixme_comment,AI-Triage-v8:AI-TRIAGE:cpp_fixme_comment,proto/bgp/bgp.c,2751,MEDIUM,,
Function declared implicitly: while (len),CODE_SMELL,MAJOR,,,external_AI-Triage-v8:AI-TRIAGE:c_S924,AI-Triage-v8:AI-TRIAGE:c_S924,proto/bgp/attrs.c,218,MEDIUM,,
"Null pointer dereference in function call: static inline int net_equal_vpn4(const net_addr_vpn4 *a, const net_addr_vpn4 *b)",CODE_SMELL,MAJOR,,,external_AI-Triage-v8:AI-TRIAGE:c_S5000,AI-Triage-v8:AI-TRIAGE:c_S5000,lib/net.h,363,MEDIUM,,
alloca() with network-controlled size — stack DoS: /* Prepare the flow */,VULNERABILITY,BLOCKER,,,external_AI-Triage-v8:AI-TRIAGE:semgrep_vuln_rules_rules_c_raptor_insecure_api_alloca,AI-Triage-v8:AI-TRIAGE:semgrep_vuln_rules_rules_c_raptor_insecure_api_alloca,proto/bgp/packets.c,2114,MEDIUM,,
Local variable shadows outer variable: static list l;,CODE_SMELL,MAJOR,,,external_AI-Triage-v8:AI-TRIAGE:c_S1117,AI-Triage-v8:AI-TRIAGE:c_S1117,lib/lists_test.c,74,MEDIUM,,
Redundant parentheses [REVIEW]: return (n);,CODE_SMELL,MAJOR,,,external_AI-Triage-v8:AI-TRIAGE:c_S1110,AI-Triage-v8:AI-TRIAGE:c_S1110,proto/ospf/neighbor.c,635,MEDIUM,,
Overly complex boolean condition: ((n0 <= 0) || (_I0(a) == _I0(b))) &&,CODE_SMELL,MAJOR,,,external_AI-Triage-v8:AI-TRIAGE:cpp_complex_condition,AI-Triage-v8:AI-TRIAGE:cpp_complex_condition,lib/ip.h,320,MEDIUM,,
FIXME comment — developer-flagged unsafe code: /* FIXME we should flush routes even when persist during reconfiguration */,CODE_SMELL,MAJOR,,,external_AI-Triage-v8:AI-TRIAGE:cpp_fixme_comment,AI-Triage-v8:AI-TRIAGE:cpp_fixme_comment,sysdep/unix/krt.c,1123,MEDIUM,,
Function declared implicitly: for (pos = &net->routes; old = *pos; pos = &old->next),CODE_SMELL,MAJOR,,,external_AI-Triage-v8:AI-TRIAGE:c_S924,AI-Triage-v8:AI-TRIAGE:c_S924,nest/rt-table.c,3043,MEDIUM,,
Function declared implicitly: while (len > 0),CODE_SMELL,MAJOR,,,external_AI-Triage-v8:AI-TRIAGE:c_S924,AI-Triage-v8:AI-TRIAGE:c_S924,proto/bgp/packets.c,792,MEDIUM,,
alloca() usage — potential stack overflow: int *d = alloca(sizeof(uint) * ints);,CODE_SMELL,MAJOR,,,external_AI-Triage-v8:AI-TRIAGE:allocaCalled,AI-Triage-v8:AI-TRIAGE:allocaCalled,proto/perf/perf.c,38,MEDIUM,,
Function declared implicitly: while (len),CODE_SMELL,MAJOR,,,external_AI-Triage-v8:AI-TRIAGE:c_S924,AI-Triage-v8:AI-TRIAGE:c_S924,proto/bgp/attrs.c,1377,MEDIUM,,
FIXME comment — developer-flagged unsafe code: /* FIXME: better session matching and message */,CODE_SMELL,MAJOR,,,external_AI-Triage-v8:AI-TRIAGE:cpp_fixme_comment,AI-Triage-v8:AI-TRIAGE:cpp_fixme_comment,proto/bfd/packets.c,374,MEDIUM,,
Local variable shadows outer variable: sock *s = current_sock;,CODE_SMELL,MAJOR,,,external_AI-Triage-v8:AI-TRIAGE:c_S1117,AI-Triage-v8:AI-TRIAGE:c_S1117,sysdep/unix/io.c,2615,MEDIUM,,
alloca() with network-controlled size — stack DoS: struct bgp_bucket *b = alloca(bucket_size);,CODE_SMELL,MAJOR,,,external_AI-Triage-v8:AI-TRIAGE:semgrep_vuln_rules_rules_c_raptor_insecure_api_alloca,AI-Triage-v8:AI-TRIAGE:semgrep_vuln_rules_rules_c_raptor_insecure_api_alloca,proto/bgp/packets.c,2442,MEDIUM,,
Function has too many lines: if (j >= 0x10000 || ++l > 4),CODE_SMELL,MAJOR,,,external_AI-Triage-v8:AI-TRIAGE:c_S912,AI-Triage-v8:AI-TRIAGE:c_S912,lib/ip.c,426,MEDIUM,,
FIXME comment — developer-flagged unsafe code: /* FIXME: remove LSA entry if it is LSA_MAXAGE and it is possible? */,VULNERABILITY,BLOCKER,,,external_AI-Triage-v8:AI-TRIAGE:cpp_fixme_comment,AI-Triage-v8:AI-TRIAGE:cpp_fixme_comment,proto/ospf/lsupd.c,648,MEDIUM,,
"alloca() with network-controlled size — stack DoS: .eattrs = alloca(sizeof(ea_list) + 3*sizeof(eattr)),",CODE_SMELL,MAJOR,,,external_AI-Triage-v8:AI-TRIAGE:semgrep_vuln_rules_rules_c_raptor_insecure_api_alloca,AI-Triage-v8:AI-TRIAGE:semgrep_vuln_rules_rules_c_raptor_insecure_api_alloca,proto/babel/babel.c,696,MEDIUM,,
Null pointer dereference after failed allocation: byte *avaible_indexes = malloc(avaible_indexes_size);,CODE_SMELL,MAJOR,,,external_AI-Triage-v8:AI-TRIAGE:nullPointerOutOfMemory,AI-Triage-v8:AI-TRIAGE:nullPointerOutOfMemory,filter/tree_test.c,113,MEDIUM,,
Function has too many lines: if ((updatetime NS < p->threshold_min) || (++p->run == p->repeat)) {,CODE_SMELL,MAJOR,,,external_AI-Triage-v8:AI-TRIAGE:c_S912,AI-Triage-v8:AI-TRIAGE:c_S912,proto/perf/perf.c,188,MEDIUM,,
Function declared implicitly: while (len),CODE_SMELL,MAJOR,,,external_AI-Triage-v8:AI-TRIAGE:c_S924,AI-Triage-v8:AI-TRIAGE:c_S924,sysdep/linux/netlink.c,728,MEDIUM,,
Null pointer dereference: ASSERT_DIE(n);,CODE_SMELL,MAJOR,,,external_AI-Triage-v8:AI-TRIAGE:nullPointer,AI-Triage-v8:AI-TRIAGE:nullPointer,lib/lists.c,38,MEDIUM,,
FIXME comment — developer-flagged unsafe code: /* FIXME: This is hack */,CODE_SMELL,MAJOR,,,external_AI-Triage-v8:AI-TRIAGE:cpp_fixme_comment,AI-Triage-v8:AI-TRIAGE:cpp_fixme_comment,proto/bfd/bfd.c,1131,MEDIUM,,
alloca() with network-controlled size — stack DoS: struct f_path_mask *mask = alloca(sizeof(struct f_path_mask) + AS_PATH_LENGTH * sizeof(struct f_path_mask_item));,CODE_SMELL,MAJOR,,,external_AI-Triage-v8:AI-TRIAGE:semgrep_vuln_rules_rules_c_raptor_insecure_api_alloca,AI-Triage-v8:AI-TRIAGE:semgrep_vuln_rules_rules_c_raptor_insecure_api_alloca,nest/a-path_test.c,35,MEDIUM,,
"Function has too many parameters: babel_auth_check_mac(struct babel_iface *ifa, byte *pkt,",CODE_SMELL,MAJOR,,,external_AI-Triage-v8:AI-TRIAGE:c_S107,AI-Triage-v8:AI-TRIAGE:c_S107,proto/babel/packets.c,1950,MEDIUM,,
Null pointer dereference after failed allocation: new = malloc(size);,CODE_SMELL,MAJOR,,,external_AI-Triage-v8:AI-TRIAGE:nullPointerOutOfMemory,AI-Triage-v8:AI-TRIAGE:nullPointerOutOfMemory,client/commands.c,72,MEDIUM,,
"Function has too many parameters: add_cand(struct ospf_area *oa, struct top_hash_entry *en, struct top_hash_entry *par,",CODE_SMELL,MAJOR,,,external_AI-Triage-v8:AI-TRIAGE:c_S107,AI-Triage-v8:AI-TRIAGE:c_S107,proto/ospf/rt.c,1883,MEDIUM,,
FIXME comment — developer-flagged unsafe code: /* FIXME: What about RTN_THROW? */,CODE_SMELL,MAJOR,,,external_AI-Triage-v8:AI-TRIAGE:cpp_fixme_comment,AI-Triage-v8:AI-TRIAGE:cpp_fixme_comment,sysdep/linux/netlink.c,1773,MEDIUM,,
alloca() with network-controlled size — stack DoS: if (len <= 1024),CODE_SMELL,MAJOR,,,external_AI-Triage-v8:AI-TRIAGE:semgrep_vuln_rules_rules_c_raptor_insecure_api_alloca,AI-Triage-v8:AI-TRIAGE:semgrep_vuln_rules_rules_c_raptor_insecure_api_alloca,filter/tree.c,104,MEDIUM,,
Function has too many lines: while (!expected[n] && (k++ < 8));,CODE_SMELL,MAJOR,,,external_AI-Triage-v8:AI-TRIAGE:c_S912,AI-Triage-v8:AI-TRIAGE:c_S912,lib/bitmap_test.c,154,MEDIUM,,
FIXME comment — developer-flagged unsafe code: /* FIXME: configurable tos/priority ? */,CODE_SMELL,MAJOR,,,external_AI-Triage-v8:AI-TRIAGE:cpp_fixme_comment,AI-Triage-v8:AI-TRIAGE:cpp_fixme_comment,proto/ospf/iface.c,213,MEDIUM,,
"Dead store — value assigned but never used: buf += bsprintf(buf, "" (%d/%d) [%lR]"", rte->attrs->pref,",CODE_SMELL,MAJOR,,,external_AI-Triage-v8:AI-TRIAGE:c_S1854,AI-Triage-v8:AI-TRIAGE:c_S1854,proto/babel/babel.c,2199,MEDIUM,,
Redundant parentheses: if ((nf->n.oa->areaid == oa->areaid)),CODE_SMELL,MAJOR,,,external_AI-Triage-v8:AI-TRIAGE:c_S1110,AI-Triage-v8:AI-TRIAGE:c_S1110,proto/ospf/rt.c,1008,MEDIUM,,
Local variable shadows outer variable: uint len = LSA_TLV_LENGTH(tlv);,CODE_SMELL,MAJOR,,,external_AI-Triage-v8:AI-TRIAGE:c_S1117,AI-Triage-v8:AI-TRIAGE:c_S1117,proto/ospf/lsalib.c,319,MEDIUM,,
Comma operator used: if (num > (u64) INT64_MAX) {,CODE_SMELL,MAJOR,,,external_AI-Triage-v8:AI-TRIAGE:c_S876,AI-Triage-v8:AI-TRIAGE:c_S876,lib/printf.c,58,MEDIUM,,
Function declared implicitly: while (current_sock && count < MAX_RX_STEPS),CODE_SMELL,MAJOR,,,external_AI-Triage-v8:AI-TRIAGE:c_S924,AI-Triage-v8:AI-TRIAGE:c_S924,sysdep/unix/io.c,2613,MEDIUM,,
switch case falls through without comment: case PM_QUESTION:,CODE_SMELL,MAJOR,,,external_AI-Triage-v8:AI-TRIAGE:c_S1219,AI-Triage-v8:AI-TRIAGE:c_S1219,nest/a-path.c,928,MEDIUM,,
"Function has too many lines: if (new_first && (new_changed = export_filter(c, new_changed, &new_free, 0)))",CODE_SMELL,MAJOR,,,external_AI-Triage-v8:AI-TRIAGE:c_S912,AI-Triage-v8:AI-TRIAGE:c_S912,nest/rt-table.c,834,MEDIUM,,
Macro with side effects used multiple times: int readonly:1;			/* Don't allow writing */,CODE_SMELL,MAJOR,,,external_AI-Triage-v8:AI-TRIAGE:c_S814,AI-Triage-v8:AI-TRIAGE:c_S814,filter/data.h,132,MEDIUM,,
Macro with side effects used multiple times: u64 magnitude:8;,CODE_SMELL,MAJOR,,,external_AI-Triage-v8:AI-TRIAGE:c_S814,AI-Triage-v8:AI-TRIAGE:c_S814,nest/cmds.c,79,MEDIUM,,
Null pointer dereference: case EAF_TYPE_IP_ADDRESS:,CODE_SMELL,MAJOR,,,external_AI-Triage-v8:AI-TRIAGE:c_S2259,AI-Triage-v8:AI-TRIAGE:c_S2259,nest/rt-attr.c,1007,MEDIUM,,
Assignment inside condition: void,CODE_SMELL,MAJOR,,,external_AI-Triage-v8:AI-TRIAGE:c_S833,AI-Triage-v8:AI-TRIAGE:c_S833,proto/bmp/bmp.c,721,MEDIUM,,
Redundant parentheses [REVIEW]: return (n);,CODE_SMELL,MAJOR,,,external_AI-Triage-v8:AI-TRIAGE:c_S1110,AI-Triage-v8:AI-TRIAGE:c_S1110,proto/ospf/neighbor.c,103,MEDIUM,,
Null pointer dereference: ea_list *attrs = new ? new->attrs->eattrs : NULL;,CODE_SMELL,MAJOR,,,external_AI-Triage-v8:AI-TRIAGE:nullPointer,AI-Triage-v8:AI-TRIAGE:nullPointer,proto/bgp/packets.c,2578,MEDIUM,,
Flexible array member used: struct adata empty_as_path = {};,VULNERABILITY,MAJOR,,,external_AI-Triage-v8:AI-TRIAGE:c_S946,AI-Triage-v8:AI-TRIAGE:c_S946,nest/a-set_test.c,41,MEDIUM,,
"Null pointer dereference in function call: { return !memcmp(a, b, sizeof(net_addr_ip6)); }",CODE_SMELL,MAJOR,,,external_AI-Triage-v8:AI-TRIAGE:c_S5000,AI-Triage-v8:AI-TRIAGE:c_S5000,lib/net.h,360,MEDIUM,,
"Dead store — value assigned but never used: rt = rip_add_rte(p, rp, new);",CODE_SMELL,MAJOR,,,external_AI-Triage-v8:AI-TRIAGE:c_S1854,AI-Triage-v8:AI-TRIAGE:c_S1854,proto/rip/rip.c,283,MEDIUM,,
FIXME comment — developer-flagged unsafe code: /*,VULNERABILITY,BLOCKER,,,external_AI-Triage-v8:AI-TRIAGE:cpp_fixme_comment,AI-Triage-v8:AI-TRIAGE:cpp_fixme_comment,nest/iface.c,638,MEDIUM,,
alloca() usage — potential stack overflow: net_addr *n0 = alloca(n->length);,CODE_SMELL,MAJOR,,,external_AI-Triage-v8:AI-TRIAGE:allocaCalled,AI-Triage-v8:AI-TRIAGE:allocaCalled,nest/rt-fib.c,386,MEDIUM,,
alloca() with network-controlled size — stack DoS: e->net = alloca(sizeof(net) + r->net->length);,CODE_SMELL,MAJOR,,,external_AI-Triage-v8:AI-TRIAGE:semgrep_vuln_rules_rules_c_raptor_insecure_api_alloca,AI-Triage-v8:AI-TRIAGE:semgrep_vuln_rules_rules_c_raptor_insecure_api_alloca,proto/static/static.c,118,MEDIUM,,
Null pointer dereference after failed allocation: tmp = init_cmd = malloc(len);,CODE_SMELL,MAJOR,,,external_AI-Triage-v8:AI-TRIAGE:nullPointerOutOfMemory,AI-Triage-v8:AI-TRIAGE:nullPointerOutOfMemory,client/client.c,112,MEDIUM,,
"Array index out of bounds: static inline u32 ip6_getbit(ip6_addr a, uint pos)",CODE_SMELL,MAJOR,,,external_AI-Triage-v8:AI-TRIAGE:c_S3519,AI-Triage-v8:AI-TRIAGE:c_S3519,lib/ip.h,334,MEDIUM,,
FIXME comment — developer-flagged unsafe code: /*,CODE_SMELL,MAJOR,,,external_AI-Triage-v8:AI-TRIAGE:cpp_fixme_comment,AI-Triage-v8:AI-TRIAGE:cpp_fixme_comment,proto/rip/packets.c,294,MEDIUM,,
"Function has too many lines: else if ((op != NL_OP_DELETE) && (ea = ea_find(eattrs, EA_KRT_METRIC)))",CODE_SMELL,MAJOR,,,external_AI-Triage-v8:AI-TRIAGE:c_S912,AI-Triage-v8:AI-TRIAGE:c_S912,sysdep/linux/netlink.c,1390,MEDIUM,,
alloca() inside loop — unbounded stack growth: for (rt = en->routes; rt && (num < p->ecmp); rt = rt->next),CODE_SMELL,MAJOR,,,external_AI-Triage-v8:AI-TRIAGE:cpp_alloca_in_loop,AI-Triage-v8:AI-TRIAGE:cpp_alloca_in_loop,proto/rip/rip.c,174,MEDIUM,,
Null pointer dereference after failed allocation: new->len = c-d;,CODE_SMELL,MAJOR,,,external_AI-Triage-v8:AI-TRIAGE:nullPointerOutOfMemory,AI-Triage-v8:AI-TRIAGE:nullPointerOutOfMemory,client/commands.c,72,MEDIUM,,
switch missing default case: default:,CODE_SMELL,MAJOR,,,external_AI-Triage-v8:AI-TRIAGE:c_S4524,AI-Triage-v8:AI-TRIAGE:c_S4524,proto/aggregator/aggregator.c,219,MEDIUM,,
FIXME comment — developer-flagged unsafe code: /* FIXME: better handling different nettypes */,CODE_SMELL,MAJOR,,,external_AI-Triage-v8:AI-TRIAGE:cpp_fixme_comment,AI-Triage-v8:AI-TRIAGE:cpp_fixme_comment,nest/rt-table.c,1085,MEDIUM,,
"FIXME comment — developer-flagged unsafe code: /* FIXME: this is thread-unsafe, but perhaps harmless */",VULNERABILITY,BLOCKER,,,external_AI-Triage-v8:AI-TRIAGE:cpp_fixme_comment,AI-Triage-v8:AI-TRIAGE:cpp_fixme_comment,proto/bfd/bfd.c,1191,MEDIUM,,
FIXME comment — developer-flagged unsafe code: /* FIXME: Call err_hook instead ? */,VULNERABILITY,BLOCKER,,,external_AI-Triage-v8:AI-TRIAGE:cpp_fixme_comment,AI-Triage-v8:AI-TRIAGE:cpp_fixme_comment,sysdep/unix/io.c,1325,MEDIUM,,
"FIXME comment — developer-flagged unsafe code: [ROUTER_KEY] 			= sizeof(struct pdu_header), /* FIXME */",CODE_SMELL,MAJOR,,,external_AI-Triage-v8:AI-TRIAGE:cpp_fixme_comment,AI-Triage-v8:AI-TRIAGE:cpp_fixme_comment,proto/rpki/packets.c,270,MEDIUM,,
"Function has too many parameters: static inline struct bfd_request * bfd_request_session(pool *p UNUSED, ip_addr addr UNUSED, ip_addr local UNUSED, struct iface *iface UNUSED, struct iface *vrf UNUSED, void (*hook)(struct bfd_request",CODE_SMELL,MAJOR,,,external_AI-Triage-v8:AI-TRIAGE:c_S107,AI-Triage-v8:AI-TRIAGE:c_S107,nest/bfd.h,69,MEDIUM,,
Function missing documentation: static void,CODE_SMELL,MAJOR,,,external_AI-Triage-v8:AI-TRIAGE:cpp_poorly_documented_function,AI-Triage-v8:AI-TRIAGE:cpp_poorly_documented_function,proto/bgp/bgp.c,3153,MEDIUM,,
"FIXME comment — developer-flagged unsafe code: /* FIXME - there should be some checking of received RAs, but we just ignore them */",VULNERABILITY,BLOCKER,,,external_AI-Triage-v8:AI-TRIAGE:cpp_fixme_comment,AI-Triage-v8:AI-TRIAGE:cpp_fixme_comment,proto/radv/packets.c,494,MEDIUM,,
Local variable shadows outer variable: const struct babel_tlv_data *tlv_data;,CODE_SMELL,MAJOR,,,external_AI-Triage-v8:AI-TRIAGE:c_S1117,AI-Triage-v8:AI-TRIAGE:c_S1117,proto/babel/packets.c,1405,MEDIUM,,
alloca() with network-controlled size — stack DoS: 355 |   byte *pass_key = alloca(pass_len);,CODE_SMELL,MAJOR,,,external_AI-Triage-v8:AI-TRIAGE:semgrep_vuln_rules_rules_c_raptor_insecure_api_alloca,AI-Triage-v8:AI-TRIAGE:semgrep_vuln_rules_rules_c_raptor_insecure_api_alloca,proto/ospf/packet.c,233,MEDIUM,,
"Local variable shadows outer variable: is_heap_valid(int heap[], uint num)",CODE_SMELL,MAJOR,,,external_AI-Triage-v8:AI-TRIAGE:c_S1117,AI-Triage-v8:AI-TRIAGE:c_S1117,lib/heap_test.c,33,MEDIUM,,
Redundant null check implies earlier null deref: if (n && n->cmd),CODE_SMELL,MAJOR,,,external_AI-Triage-v8:AI-TRIAGE:nullPointerRedundantCheck,AI-Triage-v8:AI-TRIAGE:nullPointerRedundantCheck,client/commands.c,195,MEDIUM,,
alloca() inside loop — unbounded stack growth: net_addr *n = alloca(sizeof(struct net_addr_flow4) + flen);,VULNERABILITY,BLOCKER,,,external_AI-Triage-v8:AI-TRIAGE:cpp_alloca_in_loop,AI-Triage-v8:AI-TRIAGE:cpp_alloca_in_loop,proto/bgp/packets.c,2114,MEDIUM,,
Function has too many lines: if (EMPTY_LIST(fps->empty) || ((ep = HEAD(fps->empty))->pos == EP_POS_MAX)),CODE_SMELL,MAJOR,,,external_AI-Triage-v8:AI-TRIAGE:c_S912,AI-Triage-v8:AI-TRIAGE:c_S912,sysdep/unix/alloc.c,208,MEDIUM,,
"Arguments passed in wrong order: if (ifa_same(b, a))",CODE_SMELL,MAJOR,,,external_AI-Triage-v8:AI-TRIAGE:c_S2234,AI-Triage-v8:AI-TRIAGE:c_S2234,nest/iface.c,632,MEDIUM,,
Array index out of bounds: return ea_set_attr(,VULNERABILITY,BLOCKER,,,external_AI-Triage-v8:AI-TRIAGE:c_S3519,AI-Triage-v8:AI-TRIAGE:c_S3519,proto/bgp/attrs.c,92,MEDIUM,,
FIXME comment — developer-flagged unsafe code: lsa1_type = lsa1->type_raw;	/* FIXME: handle unknown ref_type */,CODE_SMELL,MAJOR,,,external_AI-Triage-v8:AI-TRIAGE:cpp_fixme_comment,AI-Triage-v8:AI-TRIAGE:cpp_fixme_comment,proto/ospf/ospf.c,952,MEDIUM,,
alloca() with network-controlled size — stack DoS: net_addr *n = alloca(sizeof(struct net_addr_flow6) + flen);,VULNERABILITY,BLOCKER,,,external_AI-Triage-v8:AI-TRIAGE:semgrep_vuln_rules_rules_c_raptor_insecure_api_alloca,AI-Triage-v8:AI-TRIAGE:semgrep_vuln_rules_rules_c_raptor_insecure_api_alloca,proto/bgp/packets.c,2209,MEDIUM,,
"Dead store — value assigned but never used: const char *transport_name = ""---"";",CODE_SMELL,MAJOR,,,external_AI-Triage-v8:AI-TRIAGE:c_S1854,AI-Triage-v8:AI-TRIAGE:c_S1854,proto/rpki/rpki.c,903,MEDIUM,,
alloca() usage — potential stack overflow: 579 |   eattr *b = alloca(n * sizeof(eattr));,CODE_SMELL,MAJOR,,,external_AI-Triage-v8:AI-TRIAGE:allocaCalled,AI-Triage-v8:AI-TRIAGE:allocaCalled,nest/rt-attr.c,579,MEDIUM,,
alloca() with network-controlled size — stack DoS: int l = strlen(cmd);,CODE_SMELL,MAJOR,,,external_AI-Triage-v8:AI-TRIAGE:semgrep_vuln_rules_rules_c_raptor_insecure_api_alloca,AI-Triage-v8:AI-TRIAGE:semgrep_vuln_rules_rules_c_raptor_insecure_api_alloca,client/client.c,418,MEDIUM,,
"Null pointer dereference in function call: static inline int net_equal_vpn6(const net_addr_vpn6 *a, const net_addr_vpn6 *b)",CODE_SMELL,MAJOR,,,external_AI-Triage-v8:AI-TRIAGE:c_S5000,AI-Triage-v8:AI-TRIAGE:c_S5000,lib/net.h,366,MEDIUM,,
Operator precedence ambiguity: if (cc->c.in_filter == FILTER_UNDEF),CODE_SMELL,MAJOR,,,external_AI-Triage-v8:AI-TRIAGE:c_S5261,AI-Triage-v8:AI-TRIAGE:c_S5261,proto/bgp/bgp.c,2630,MEDIUM,,
alloca() inside loop — unbounded stack growth: a0.eattrs = alloca(sizeof(ea_list) + 4 * sizeof(eattr));,CODE_SMELL,MAJOR,,,external_AI-Triage-v8:AI-TRIAGE:cpp_alloca_in_loop,AI-Triage-v8:AI-TRIAGE:cpp_alloca_in_loop,proto/ospf/rt.c,2073,MEDIUM,,
Overly complex boolean condition: if ((local_role != BGP_ROLE_UNDEFINED) &&,CODE_SMELL,MAJOR,,,external_AI-Triage-v8:AI-TRIAGE:cpp_complex_condition,AI-Triage-v8:AI-TRIAGE:cpp_complex_condition,proto/bgp/packets.c,977,MEDIUM,,
Identical code in different branches: case NET_IP6_SADR:,CODE_SMELL,MAJOR,,,external_AI-Triage-v8:AI-TRIAGE:c_S1871,AI-Triage-v8:AI-TRIAGE:c_S1871,lib/net.c,339,MEDIUM,,
Redundant parentheses: if ((p->timer->expires > (current_time() + 100 MS))),CODE_SMELL,MAJOR,,,external_AI-Triage-v8:AI-TRIAGE:c_S1110,AI-Triage-v8:AI-TRIAGE:c_S1110,proto/rip/rip.c,1000,MEDIUM,,
Function has too many parameters: void,CODE_SMELL,MAJOR,,,external_AI-Triage-v8:AI-TRIAGE:c_S107,AI-Triage-v8:AI-TRIAGE:c_S107,proto/ospf/topology.c,1195,MEDIUM,,
Function has too many lines: if (cc2 && (tab = (type == NET_IP4) ? cc2->igp_table_ip4 : cc2->igp_table_ip6)),CODE_SMELL,MAJOR,,,external_AI-Triage-v8:AI-TRIAGE:c_S912,AI-Triage-v8:AI-TRIAGE:c_S912,proto/bgp/bgp.c,2443,MEDIUM,,
switch case falls through without comment: match:,CODE_SMELL,MAJOR,,,external_AI-Triage-v8:AI-TRIAGE:c_S1219,AI-Triage-v8:AI-TRIAGE:c_S1219,nest/a-path.c,937,MEDIUM,,
Missing header guard [REVIEW] [HALLU?]: File nest/cmds.h contains no #ifndef/#define/#endif header guard (lines 1–21 show only comments and declarations).,CODE_SMELL,MAJOR,,,external_AI-Triage-v8:AI-TRIAGE:cpp_missing_header_guard,AI-Triage-v8:AI-TRIAGE:cpp_missing_header_guard,nest/cmds.h,1,MEDIUM,,
"Null pointer dereference in function call: static inline int net_equal_ip6_sadr(const net_addr_ip6_sadr *a, const net_addr_ip6_sadr *b)",CODE_SMELL,MAJOR,,,external_AI-Triage-v8:AI-TRIAGE:c_S5000,AI-Triage-v8:AI-TRIAGE:c_S5000,lib/net.h,372,MEDIUM,,
alloca() with network-controlled size — stack DoS: byte *auth_data = alloca(auth_len);,CODE_SMELL,MAJOR,,,external_AI-Triage-v8:AI-TRIAGE:semgrep_vuln_rules_rules_c_raptor_insecure_api_alloca,AI-Triage-v8:AI-TRIAGE:semgrep_vuln_rules_rules_c_raptor_insecure_api_alloca,proto/rip/packets.c,400,MEDIUM,,
FIXME comment — developer-flagged unsafe code: /* FIXME: Ensure persistence */,CODE_SMELL,MAJOR,,,external_AI-Triage-v8:AI-TRIAGE:cpp_fixme_comment,AI-Triage-v8:AI-TRIAGE:cpp_fixme_comment,proto/ospf/packet.c,148,MEDIUM,,
Function has too many lines: if ((n->state == NEIGHBOR_FULL) &&,CODE_SMELL,MAJOR,,,external_AI-Triage-v8:AI-TRIAGE:c_S912,AI-Triage-v8:AI-TRIAGE:c_S912,proto/ospf/topology.c,1745,MEDIUM,,
alloca() inside loop — unbounded stack growth: net_addr *n = alloca(sizeof(struct net_addr_flow6) + flen);,VULNERABILITY,BLOCKER,,,external_AI-Triage-v8:AI-TRIAGE:cpp_alloca_in_loop,AI-Triage-v8:AI-TRIAGE:cpp_alloca_in_loop,proto/bgp/packets.c,2209,MEDIUM,,
Dead store — value assigned but never used: lo0++;,CODE_SMELL,MAJOR,,,external_AI-Triage-v8:AI-TRIAGE:c_S1854,AI-Triage-v8:AI-TRIAGE:c_S1854,lib/bitmap.c,373,MEDIUM,,
Stack address escapes function scope [REVIEW]: s->bws = &bws;,CODE_SMELL,MAJOR,,,external_AI-Triage-v8:AI-TRIAGE:cpp_stack_address_escape,AI-Triage-v8:AI-TRIAGE:cpp_stack_address_escape,proto/mrt/mrt.c,603,MEDIUM,,
Pointer arithmetic on non-array pointer: #include CONFIG_INCLUDE_NLSYS_H,CODE_SMELL,MAJOR,,,external_AI-Triage-v8:AI-TRIAGE:c_S956,AI-Triage-v8:AI-TRIAGE:c_S956,sysdep/linux/netlink.c,30,MEDIUM,,
Ambiguously signed bit-field: int readonly:1;			/* Don't allow writing */,CODE_SMELL,MAJOR,,,external_AI-Triage-v8:AI-TRIAGE:cpp_ambiguously_signed_bit_field,AI-Triage-v8:AI-TRIAGE:cpp_ambiguously_signed_bit_field,filter/data.h,132,MEDIUM,,
Function declared implicitly: for(;;),CODE_SMELL,MAJOR,,,external_AI-Triage-v8:AI-TRIAGE:c_S924,AI-Triage-v8:AI-TRIAGE:c_S924,nest/locks.c,168,MEDIUM,,
Function declared implicitly: while (end >= pkt_start + BGP_HEADER_LENGTH),CODE_SMELL,MAJOR,,,external_AI-Triage-v8:AI-TRIAGE:c_S924,AI-Triage-v8:AI-TRIAGE:c_S924,proto/bgp/packets.c,3530,MEDIUM,,
Function missing documentation: static uint,CODE_SMELL,MAJOR,,,external_AI-Triage-v8:AI-TRIAGE:cpp_poorly_documented_function,AI-Triage-v8:AI-TRIAGE:cpp_poorly_documented_function,lib/sha256.c,113,MEDIUM,,
Null pointer dereference after failed allocation: new = malloc(size);,CODE_SMELL,MAJOR,,,external_AI-Triage-v8:AI-TRIAGE:nullPointerOutOfMemory,AI-Triage-v8:AI-TRIAGE:nullPointerOutOfMemory,client/commands.c,72,MEDIUM,,
Function has too many lines: if (size >= 0 && (remains -= size) < 0),CODE_SMELL,MAJOR,,,external_AI-Triage-v8:AI-TRIAGE:c_S912,AI-Triage-v8:AI-TRIAGE:c_S912,lib/printf.c,45,MEDIUM,,
alloca() with network-controlled size — stack DoS: a0.eattrs = alloca(sizeof(ea_list) + 4 * sizeof(eattr));,CODE_SMELL,MAJOR,,,external_AI-Triage-v8:AI-TRIAGE:semgrep_vuln_rules_rules_c_raptor_insecure_api_alloca,AI-Triage-v8:AI-TRIAGE:semgrep_vuln_rules_rules_c_raptor_insecure_api_alloca,proto/ospf/rt.c,2073,MEDIUM,,
alloca() with network-controlled size — stack DoS: net_addr *n0 = alloca(n->length);,CODE_SMELL,MAJOR,,,external_AI-Triage-v8:AI-TRIAGE:semgrep_vuln_rules_rules_c_raptor_insecure_api_alloca,AI-Triage-v8:AI-TRIAGE:semgrep_vuln_rules_rules_c_raptor_insecure_api_alloca,nest/rt-fib.c,386,MEDIUM,,
alloca() usage — potential stack overflow: net_addr *n = alloca(sizeof(struct net_addr_flow4) + flen);,VULNERABILITY,BLOCKER,,,external_AI-Triage-v8:AI-TRIAGE:allocaCalled,AI-Triage-v8:AI-TRIAGE:allocaCalled,proto/bgp/packets.c,2114,MEDIUM,,
Local variable shadows outer variable: uint len = get_value_length(pos);,CODE_SMELL,MAJOR,,,external_AI-Triage-v8:AI-TRIAGE:c_S1117,AI-Triage-v8:AI-TRIAGE:c_S1117,lib/flowspec.c,536,MEDIUM,,
Too many return statements: pw = getpwnam(s);,CODE_SMELL,MAJOR,,,external_AI-Triage-v8:AI-TRIAGE:c_S1912,AI-Triage-v8:AI-TRIAGE:c_S1912,sysdep/unix/main.c,902,MEDIUM,,
alloca() with network-controlled size — stack DoS: data = alloca(2*len);,VULNERABILITY,BLOCKER,,,external_AI-Triage-v8:AI-TRIAGE:semgrep_vuln_rules_rules_c_raptor_insecure_api_alloca,AI-Triage-v8:AI-TRIAGE:semgrep_vuln_rules_rules_c_raptor_insecure_api_alloca,proto/bgp/attrs.c,460,MEDIUM,,
assert() used in production code: int readonly:1;			/* Don't allow writing */,CODE_SMELL,MAJOR,,,external_AI-Triage-v8:AI-TRIAGE:c_S2216,AI-Triage-v8:AI-TRIAGE:c_S2216,filter/data.h,132,MEDIUM,,
Local variable shadows outer variable: static void,CODE_SMELL,MAJOR,,,external_AI-Triage-v8:AI-TRIAGE:c_S1117,AI-Triage-v8:AI-TRIAGE:c_S1117,lib/lists_test.c,74,MEDIUM,,
FIXME comment — developer-flagged unsafe code: /* FIXME: handle it better in rfree() */,CODE_SMELL,MAJOR,,,external_AI-Triage-v8:AI-TRIAGE:cpp_fixme_comment,AI-Triage-v8:AI-TRIAGE:cpp_fixme_comment,sysdep/unix/io.c,1328,MEDIUM,,
FIXME comment — developer-flagged unsafe code: /* FIXME: This should not happen */,CODE_SMELL,MAJOR,,,external_AI-Triage-v8:AI-TRIAGE:cpp_fixme_comment,AI-Triage-v8:AI-TRIAGE:cpp_fixme_comment,proto/rip/packets.c,266,MEDIUM,,
FIXME comment — developer-flagged unsafe code: /* FIXME - check for MinLSArrival ? */,VULNERABILITY,BLOCKER,,,external_AI-Triage-v8:AI-TRIAGE:cpp_fixme_comment,AI-Triage-v8:AI-TRIAGE:cpp_fixme_comment,proto/ospf/lsupd.c,682,MEDIUM,,
alloca() usage — potential stack overflow: struct f_path_mask *mask = alloca(sizeof(struct f_path_mask) + AS_PATH_LENGTH * sizeof(struct f_path_mask_item));,CODE_SMELL,MAJOR,,,external_AI-Triage-v8:AI-TRIAGE:allocaCalled,AI-Triage-v8:AI-TRIAGE:allocaCalled,nest/a-path_test.c,35,MEDIUM,,
Function declared implicitly: for (e=n->routes; e; e=e->next),CODE_SMELL,MAJOR,,,external_AI-Triage-v8:AI-TRIAGE:c_S924,AI-Triage-v8:AI-TRIAGE:c_S924,nest/rt-table.c,2204,MEDIUM,,
Function declared implicitly: while (n),CODE_SMELL,MAJOR,,,external_AI-Triage-v8:AI-TRIAGE:c_S924,AI-Triage-v8:AI-TRIAGE:c_S924,filter/trie.c,632,MEDIUM,,
switch case falls through without comment: case PDC_CMD_DISABLE:,CODE_SMELL,MAJOR,,,external_AI-Triage-v8:AI-TRIAGE:c_S1219,AI-Triage-v8:AI-TRIAGE:c_S1219,proto/bgp/bgp.c,2175,MEDIUM,,
FIXME comment — developer-flagged unsafe code: /* FIXME: On physical PtP links we may skip next-hop altogether */,CODE_SMELL,MAJOR,,,external_AI-Triage-v8:AI-TRIAGE:cpp_fixme_comment,AI-Triage-v8:AI-TRIAGE:cpp_fixme_comment,proto/ospf/rt.c,1799,MEDIUM,,
FIXME comment — developer-flagged unsafe code: /* FIXME: skip IPv6 next hops for IPv4 routes during MRT dump */,CODE_SMELL,MAJOR,,,external_AI-Triage-v8:AI-TRIAGE:cpp_fixme_comment,AI-Triage-v8:AI-TRIAGE:cpp_fixme_comment,proto/bgp/attrs.c,491,MEDIUM,,
"Function missing documentation: rpki_reconfigure_cache(struct rpki_proto *p UNUSED, struct rpki_cache *cache, struct rpki_config *new, struct rpki_config *old)",CODE_SMELL,MAJOR,,,external_AI-Triage-v8:AI-TRIAGE:cpp_poorly_documented_function,AI-Triage-v8:AI-TRIAGE:cpp_poorly_documented_function,proto/rpki/rpki.c,691,MEDIUM,,
Null pointer dereference: { return ((*data & 0xf0) == 0xf0) ? get_u16(data) & 0x0fff : *data; },VULNERABILITY,BLOCKER,,,external_AI-Triage-v8:AI-TRIAGE:c_S2259,AI-Triage-v8:AI-TRIAGE:c_S2259,lib/flowspec.h,63,MEDIUM,,
Function missing documentation: static void,CODE_SMELL,MAJOR,,,external_AI-Triage-v8:AI-TRIAGE:cpp_poorly_documented_function,AI-Triage-v8:AI-TRIAGE:cpp_poorly_documented_function,sysdep/linux/netlink.c,1546,MEDIUM,,
FIXME comment — developer-flagged unsafe code: /*,CODE_SMELL,MAJOR,,,external_AI-Triage-v8:AI-TRIAGE:cpp_fixme_comment,AI-Triage-v8:AI-TRIAGE:cpp_fixme_comment,nest/rt-show.c,167,MEDIUM,,
FIXME comment — developer-flagged unsafe code: /* FIXME: convert this call to some protocol hook */,CODE_SMELL,MAJOR,,,external_AI-Triage-v8:AI-TRIAGE:cpp_fixme_comment,AI-Triage-v8:AI-TRIAGE:cpp_fixme_comment,nest/proto.c,1737,MEDIUM,,
Division by zero: uint avg = (sum * 1000) / (f.hash_size - hist[0]);,VULNERABILITY,BLOCKER,,,external_AI-Triage-v8:AI-TRIAGE:c_S3518,AI-Triage-v8:AI-TRIAGE:c_S3518,nest/rt-fib_test.c,183,MEDIUM,,
alloca() with network-controlled size — stack DoS: a = alloca(rta_size(new->attrs));,CODE_SMELL,MAJOR,,,external_AI-Triage-v8:AI-TRIAGE:semgrep_vuln_rules_rules_c_raptor_insecure_api_alloca,AI-Triage-v8:AI-TRIAGE:semgrep_vuln_rules_rules_c_raptor_insecure_api_alloca,proto/pipe/pipe.c,70,MEDIUM,,
Function declared implicitly: for (uint m=0; m < mask->len; m++),CODE_SMELL,MAJOR,,,external_AI-Triage-v8:AI-TRIAGE:c_S924,AI-Triage-v8:AI-TRIAGE:c_S924,nest/a-path.c,900,MEDIUM,,
Null pointer dereference after failed allocation: new = malloc(size);,CODE_SMELL,MAJOR,,,external_AI-Triage-v8:AI-TRIAGE:nullPointerOutOfMemory,AI-Triage-v8:AI-TRIAGE:nullPointerOutOfMemory,client/commands.c,79,MEDIUM,,
Null pointer dereference: struct channel *dst = NULL;,CODE_SMELL,MAJOR,,,external_AI-Triage-v8:AI-TRIAGE:c_S2259,AI-Triage-v8:AI-TRIAGE:c_S2259,proto/l3vpn/l3vpn.c,204,MEDIUM,,
alloca() usage — potential stack overflow: net_addr *n = alloca(sizeof(net_addr_vpn6));,CODE_SMELL,MAJOR,,,external_AI-Triage-v8:AI-TRIAGE:allocaCalled,AI-Triage-v8:AI-TRIAGE:allocaCalled,proto/l3vpn/l3vpn.c,160,MEDIUM,,
Missing header guard [REVIEW] [HALLU?]: File client/client.h: no header guard present (no #ifndef/#define/#endif block found in lines 1–7 of snippet),CODE_SMELL,MAJOR,,,external_AI-Triage-v8:AI-TRIAGE:cpp_missing_header_guard,AI-Triage-v8:AI-TRIAGE:cpp_missing_header_guard,client/client.h,1,MEDIUM,,
Null pointer dereference: node *z = n->prev;,CODE_SMELL,MAJOR,,,external_AI-Triage-v8:AI-TRIAGE:c_S2259,AI-Triage-v8:AI-TRIAGE:c_S2259,lib/lists.c,149,MEDIUM,,
"Ignored return value of security-relevant function: log(L_INFO ""Shutting down"");",CODE_SMELL,MAJOR,,,external_AI-Triage-v8:AI-TRIAGE:ignoredReturnValue,AI-Triage-v8:AI-TRIAGE:ignoredReturnValue,conf/conf.c,253,MEDIUM,,
"Function has too many parameters: prepare_ext3_lsa_body(struct ospf_proto *p, ort *nf,",CODE_SMELL,MAJOR,,,external_AI-Triage-v8:AI-TRIAGE:c_S107,AI-Triage-v8:AI-TRIAGE:c_S107,proto/ospf/topology.c,1144,MEDIUM,,
FIXME comment — developer-flagged unsafe code: /* FIXME eliminate items with LA bit set? see 4.4.3.9 */,CODE_SMELL,MAJOR,,,external_AI-Triage-v8:AI-TRIAGE:cpp_fixme_comment,AI-Triage-v8:AI-TRIAGE:cpp_fixme_comment,proto/ospf/topology.c,1676,MEDIUM,,
Redundant parentheses [REVIEW]: return (n1);,CODE_SMELL,MAJOR,,,external_AI-Triage-v8:AI-TRIAGE:c_S1110,AI-Triage-v8:AI-TRIAGE:c_S1110,proto/ospf/neighbor.c,602,MEDIUM,,
Function has too many lines: if (!net->routes &&,CODE_SMELL,MAJOR,,,external_AI-Triage-v8:AI-TRIAGE:c_S912,AI-Triage-v8:AI-TRIAGE:c_S912,nest/rt-table.c,1415,MEDIUM,,
FIXME comment — developer-flagged unsafe code: /* FIXME: allow for undefined copy_config */,CODE_SMELL,MAJOR,,,external_AI-Triage-v8:AI-TRIAGE:cpp_fixme_comment,AI-Triage-v8:AI-TRIAGE:cpp_fixme_comment,nest/proto.c,1216,MEDIUM,,
"Function has too many parameters: bfd_request_session(pool *p, ip_addr addr, ip_addr local,",CODE_SMELL,MAJOR,,,external_AI-Triage-v8:AI-TRIAGE:c_S107,AI-Triage-v8:AI-TRIAGE:c_S107,proto/bfd/bfd.c,775,MEDIUM,,
"Pointer compared to integer literal: rv = read(fd, buf, 64);",CODE_SMELL,MAJOR,,,external_AI-Triage-v8:AI-TRIAGE:c_S5314,AI-Triage-v8:AI-TRIAGE:c_S5314,proto/bfd/io.c,103,MEDIUM,,
Function has too many lines: static inline void rta_free(rta *r) { if (r && !--r->uc) rta__free(r); },CODE_SMELL,MAJOR,,,external_AI-Triage-v8:AI-TRIAGE:c_S912,AI-Triage-v8:AI-TRIAGE:c_S912,nest/route.h,718,MEDIUM,,
Array index out of bounds: int i = 0;,VULNERABILITY,BLOCKER,,,external_AI-Triage-v8:AI-TRIAGE:c_S3519,AI-Triage-v8:AI-TRIAGE:c_S3519,lib/ip.h,306,MEDIUM,,
Function declared implicitly: while (len),CODE_SMELL,MAJOR,,,external_AI-Triage-v8:AI-TRIAGE:c_S924,AI-Triage-v8:AI-TRIAGE:c_S924,nest/a-path.c,34,MEDIUM,,
FIXME comment — developer-flagged unsafe code: FIXME: this should be called from sock code,CODE_SMELL,MAJOR,,,external_AI-Triage-v8:AI-TRIAGE:cpp_fixme_comment,AI-Triage-v8:AI-TRIAGE:cpp_fixme_comment,proto/bfd/io.c,282,MEDIUM,,
FIXME comment — developer-flagged unsafe code: /* FIXME: this init should be elsewhere and thread-safe */,VULNERABILITY,BLOCKER,,,external_AI-Triage-v8:AI-TRIAGE:cpp_fixme_comment,AI-Triage-v8:AI-TRIAGE:cpp_fixme_comment,proto/bfd/io.c,395,MEDIUM,,
Null pointer dereference after failed allocation: tmp = init_cmd = malloc(len);,CODE_SMELL,MAJOR,,,external_AI-Triage-v8:AI-TRIAGE:nullPointerOutOfMemory,AI-Triage-v8:AI-TRIAGE:nullPointerOutOfMemory,client/client.c,106,MEDIUM,,
Operator precedence ambiguity: if (skip_nexthop),CODE_SMELL,MAJOR,,,external_AI-Triage-v8:AI-TRIAGE:c_S5261,AI-Triage-v8:AI-TRIAGE:c_S5261,nest/rt-table.c,2471,MEDIUM,,
Function declared implicitly: while (1),CODE_SMELL,MAJOR,,,external_AI-Triage-v8:AI-TRIAGE:c_S924,AI-Triage-v8:AI-TRIAGE:c_S924,proto/bfd/io.c,488,MEDIUM,,
alloca() with network-controlled size — stack DoS: eattr *b = alloca(n * sizeof(eattr));,VULNERABILITY,BLOCKER,,,external_AI-Triage-v8:AI-TRIAGE:semgrep_vuln_rules_rules_c_raptor_insecure_api_alloca,AI-Triage-v8:AI-TRIAGE:semgrep_vuln_rules_rules_c_raptor_insecure_api_alloca,nest/rt-attr.c,579,MEDIUM,,
Flexible array member used: const struct adata empty_as_path = {};,CODE_SMELL,BLOCKER,,,external_AI-Triage-v8:AI-TRIAGE:c_S946,AI-Triage-v8:AI-TRIAGE:c_S946,nest/a-set_test.c,41,MEDIUM,,
Function has too many lines: if (p->cf->interpret_communities &&,CODE_SMELL,MAJOR,,,external_AI-Triage-v8:AI-TRIAGE:c_S912,AI-Triage-v8:AI-TRIAGE:c_S912,proto/bgp/attrs.c,1778,MEDIUM,,
Division by zero: int t = PREFIX_BENCH_NUM / n;,CODE_SMELL,MAJOR,,,external_AI-Triage-v8:AI-TRIAGE:c_S3518,AI-Triage-v8:AI-TRIAGE:c_S3518,filter/trie_test.c,520,MEDIUM,,
"Function has too many parameters: babel_auth_check(struct babel_iface *ifa,",CODE_SMELL,MAJOR,,,external_AI-Triage-v8:AI-TRIAGE:c_S107,AI-Triage-v8:AI-TRIAGE:c_S107,proto/babel/packets.c,2025,MEDIUM,,
Operator precedence ambiguity: for (t = 1; t < max; t++),CODE_SMELL,MAJOR,,,external_AI-Triage-v8:AI-TRIAGE:c_S5261,AI-Triage-v8:AI-TRIAGE:c_S5261,sysdep/linux/netlink.c,851,MEDIUM,,
Function declared implicitly: while (len > 0),CODE_SMELL,MAJOR,,,external_AI-Triage-v8:AI-TRIAGE:c_S924,AI-Triage-v8:AI-TRIAGE:c_S924,proto/bgp/packets.c,502,MEDIUM,,
Null pointer dereference after failed allocation: Line 72: new = malloc(size);,CODE_SMELL,MAJOR,,,external_AI-Triage-v8:AI-TRIAGE:nullPointerOutOfMemory,AI-Triage-v8:AI-TRIAGE:nullPointerOutOfMemory,client/commands.c,78,MEDIUM,,
"Local variable shadows outer variable: eattr *e = ea_find(new->attrs->eattrs, EA_BABEL_ROUTER_ID);",CODE_SMELL,MAJOR,,,external_AI-Triage-v8:AI-TRIAGE:c_S1117,AI-Triage-v8:AI-TRIAGE:c_S1117,proto/babel/babel.c,2456,MEDIUM,,
Local variable shadows outer variable: sock *s = current_sock;,CODE_SMELL,MAJOR,,,external_AI-Triage-v8:AI-TRIAGE:c_S1117,AI-Triage-v8:AI-TRIAGE:c_S1117,sysdep/unix/io.c,2565,MEDIUM,,
Unused function parameter: void init(struct fib_node *n),CODE_SMELL,MAJOR,,,external_AI-Triage-v8:AI-TRIAGE:c_S1172,AI-Triage-v8:AI-TRIAGE:c_S1172,nest/rt-fib.c,720,MEDIUM,,
FIXME comment — developer-flagged unsafe code: /* FIXME: we should call sk_stop() for SKF_THREAD sockets */,VULNERABILITY,BLOCKER,,,external_AI-Triage-v8:AI-TRIAGE:cpp_fixme_comment,AI-Triage-v8:AI-TRIAGE:cpp_fixme_comment,sysdep/unix/io.c,1015,MEDIUM,,
if/else body without braces — dangling else risk: if (e->undef),CODE_SMELL,MAJOR,,,external_AI-Triage-v8:AI-TRIAGE:c_S3973,AI-Triage-v8:AI-TRIAGE:c_S3973,nest/rt-attr.c,997,MEDIUM,,
Redundant parentheses: if (((code == 6) && ((subcode == 2) || (subcode == 4)))),CODE_SMELL,MAJOR,,,external_AI-Triage-v8:AI-TRIAGE:c_S1110,AI-Triage-v8:AI-TRIAGE:c_S1110,proto/bgp/packets.c,3404,MEDIUM,,
"Function has too many lines: if ((!vrf_set || if_in_vrf(i, vrf)) && ((s = if_connected(a, i, &b, flags)) >= 0))",CODE_SMELL,MAJOR,,,external_AI-Triage-v8:AI-TRIAGE:c_S912,AI-Triage-v8:AI-TRIAGE:c_S912,nest/neighbor.c,156,MEDIUM,,
"Assignment inside condition: net *net_get(rtable *tab, const net_addr *addr);",CODE_SMELL,MAJOR,,,external_AI-Triage-v8:AI-TRIAGE:c_S833,AI-Triage-v8:AI-TRIAGE:c_S833,nest/route.h,321,MEDIUM,,
Null pointer dereference after failed allocation: byte *avaible_indexes = malloc(avaible_indexes_size);,CODE_SMELL,MAJOR,,,external_AI-Triage-v8:AI-TRIAGE:nullPointerOutOfMemory,AI-Triage-v8:AI-TRIAGE:nullPointerOutOfMemory,filter/tree_test.c,113,MEDIUM,,
alloca() usage — potential stack overflow: struct bgp_bucket *b = alloca(bucket_size);,CODE_SMELL,MAJOR,,,external_AI-Triage-v8:AI-TRIAGE:allocaCalled,AI-Triage-v8:AI-TRIAGE:allocaCalled,proto/bgp/packets.c,2442,MEDIUM,,
Local variable shadows outer variable: int tn = PREFIX_BENCH_NUM;,CODE_SMELL,MAJOR,,,external_AI-Triage-v8:AI-TRIAGE:c_S1117,AI-Triage-v8:AI-TRIAGE:c_S1117,nest/rt-fib_test.c,154,MEDIUM,,
FIXME comment — developer-flagged unsafe code: /* FIXME: this does not work if gw is changed in export filter */,CODE_SMELL,MAJOR,,,external_AI-Triage-v8:AI-TRIAGE:cpp_fixme_comment,AI-Triage-v8:AI-TRIAGE:cpp_fixme_comment,sysdep/unix/krt.c,567,MEDIUM,,
alloca() with network-controlled size — stack DoS: int *d = alloca(sizeof(uint) * ints);,CODE_SMELL,MAJOR,,,external_AI-Triage-v8:AI-TRIAGE:semgrep_vuln_rules_rules_c_raptor_insecure_api_alloca,AI-Triage-v8:AI-TRIAGE:semgrep_vuln_rules_rules_c_raptor_insecure_api_alloca,proto/perf/perf.c,38,MEDIUM,,
goto statement used: if (s->ip),CODE_SMELL,MAJOR,,,external_AI-Triage-v8:AI-TRIAGE:c_S1909,AI-Triage-v8:AI-TRIAGE:c_S1909,proto/ospf/iface.c,1088,MEDIUM,,